--------------------------------------------------------
--  File created - Friday-March-16-2018   
--------------------------------------------------------
--------------------------------------------------------
--  DDL for Type NT_SPLIT_RESULT
--------------------------------------------------------

  CREATE OR REPLACE TYPE "NT_SPLIT_RESULT" IS TABLE OF VARCHAR2(4000);

/
--------------------------------------------------------
--  DDL for Sequence SEQ_AUDIT_TRAIL
--------------------------------------------------------

   CREATE SEQUENCE  "SEQ_AUDIT_TRAIL"  MINVALUE 1 MAXVALUE 9999999999999999999999999999 INCREMENT BY 1 START WITH 1 CACHE 20 NOORDER  NOCYCLE ;
--------------------------------------------------------
--  DDL for Sequence SEQ_AUDIT_TRAIL_ACTIONS
--------------------------------------------------------

   CREATE SEQUENCE  "SEQ_AUDIT_TRAIL_ACTIONS"  MINVALUE 1 MAXVALUE 9999999999999999999999999999 INCREMENT BY 1 START WITH 1 CACHE 20 NOORDER  NOCYCLE ;
--------------------------------------------------------
--  DDL for Sequence SEQ_GROUPS
--------------------------------------------------------

   CREATE SEQUENCE  "SEQ_GROUPS"  MINVALUE 1 MAXVALUE 9999999999999999999999999999 INCREMENT BY 1 START WITH 21 CACHE 20 NOORDER  NOCYCLE ;
--------------------------------------------------------
--  DDL for Sequence SEQ_ROLES
--------------------------------------------------------

   CREATE SEQUENCE  "SEQ_ROLES"  MINVALUE 1 MAXVALUE 9999999999999999999999999999 INCREMENT BY 1 START WITH 21 CACHE 20 NOORDER  NOCYCLE ;
--------------------------------------------------------
--  DDL for Sequence SEQ_SYSTEM_USER_PROFILES
--------------------------------------------------------

   CREATE SEQUENCE  "SEQ_SYSTEM_USER_PROFILES"  MINVALUE 1 MAXVALUE 9999999999999999999999999999 INCREMENT BY 1 START WITH 1 CACHE 20 NOORDER  NOCYCLE ;
--------------------------------------------------------
--  DDL for Sequence SEQ_TBL_NOTIFICATIONS
--------------------------------------------------------

   CREATE SEQUENCE  "SEQ_TBL_NOTIFICATIONS"  MINVALUE 1 MAXVALUE 9999999999999999999999999999 INCREMENT BY 1 START WITH 1 CACHE 20 NOORDER  NOCYCLE ;
--------------------------------------------------------
--  DDL for Sequence SEQ_USER_ATTEPMTS
--------------------------------------------------------

   CREATE SEQUENCE  "SEQ_USER_ATTEPMTS"  MINVALUE 1 MAXVALUE 9999999999999999999999999999 INCREMENT BY 1 START WITH 1 CACHE 20 NOORDER  NOCYCLE ;
--------------------------------------------------------
--  DDL for Sequence SEQ_USER_PROFILES
--------------------------------------------------------

   CREATE SEQUENCE  "SEQ_USER_PROFILES"  MINVALUE 1 MAXVALUE 9999999999999999999999999999 INCREMENT BY 1 START WITH 1 CACHE 20 NOORDER  NOCYCLE ;
--------------------------------------------------------
--  DDL for Table TBL_AUDIT_TRAIL
--------------------------------------------------------

  CREATE TABLE "TBL_AUDIT_TRAIL" 
   (	"ID" NUMBER, 
	"USER_PROFILE_ID" NUMBER, 
	"ACTION_ID" NUMBER, 
	"ACTION_DATE" TIMESTAMP (6)
   ) SEGMENT CREATION IMMEDIATE 
  PCTFREE 10 PCTUSED 40 INITRANS 1 MAXTRANS 255 NOCOMPRESS LOGGING
  STORAGE(INITIAL 65536 NEXT 1048576 MINEXTENTS 1 MAXEXTENTS 2147483645
  PCTINCREASE 0 FREELISTS 1 FREELIST GROUPS 1 BUFFER_POOL DEFAULT FLASH_CACHE DEFAULT CELL_FLASH_CACHE DEFAULT)
  TABLESPACE "SYSTEM" ;
--------------------------------------------------------
--  DDL for Table TBL_AUDIT_TRAIL_ACTIONS
--------------------------------------------------------

  CREATE TABLE "TBL_AUDIT_TRAIL_ACTIONS" 
   (	"ID" NUMBER, 
	"ACTION_DESCRIPTION" VARCHAR2(100 BYTE) DEFAULT NULL
   ) SEGMENT CREATION IMMEDIATE 
  PCTFREE 10 PCTUSED 40 INITRANS 1 MAXTRANS 255 NOCOMPRESS LOGGING
  STORAGE(INITIAL 65536 NEXT 1048576 MINEXTENTS 1 MAXEXTENTS 2147483645
  PCTINCREASE 0 FREELISTS 1 FREELIST GROUPS 1 BUFFER_POOL DEFAULT FLASH_CACHE DEFAULT CELL_FLASH_CACHE DEFAULT)
  TABLESPACE "SYSTEM" ;
--------------------------------------------------------
--  DDL for Table TBL_GROUPS
--------------------------------------------------------

  CREATE TABLE "TBL_GROUPS" 
   (	"ID" NUMBER, 
	"NAME" VARCHAR2(256 BYTE), 
	"CREATED_DATE" TIMESTAMP (6), 
	"UPDATED_DATE" TIMESTAMP (6), 
	"DESCRIPTION" VARCHAR2(100 BYTE), 
	"DELETED_DATE" TIMESTAMP (6)
   ) SEGMENT CREATION IMMEDIATE 
  PCTFREE 10 PCTUSED 40 INITRANS 1 MAXTRANS 255 NOCOMPRESS LOGGING
  STORAGE(INITIAL 65536 NEXT 1048576 MINEXTENTS 1 MAXEXTENTS 2147483645
  PCTINCREASE 0 FREELISTS 1 FREELIST GROUPS 1 BUFFER_POOL DEFAULT FLASH_CACHE DEFAULT CELL_FLASH_CACHE DEFAULT)
  TABLESPACE "SYSTEM" ;
--------------------------------------------------------
--  DDL for Table TBL_GROUPS_ROLES
--------------------------------------------------------

  CREATE TABLE "TBL_GROUPS_ROLES" 
   (	"GROUP_ID" NUMBER, 
	"ROLE_ID" NUMBER
   ) SEGMENT CREATION IMMEDIATE 
  PCTFREE 10 PCTUSED 40 INITRANS 1 MAXTRANS 255 NOCOMPRESS LOGGING
  STORAGE(INITIAL 65536 NEXT 1048576 MINEXTENTS 1 MAXEXTENTS 2147483645
  PCTINCREASE 0 FREELISTS 1 FREELIST GROUPS 1 BUFFER_POOL DEFAULT FLASH_CACHE DEFAULT CELL_FLASH_CACHE DEFAULT)
  TABLESPACE "SYSTEM" ;
--------------------------------------------------------
--  DDL for Table TBL_NOTIFICATIONS
--------------------------------------------------------

  CREATE TABLE "TBL_NOTIFICATIONS" 
   (	"ID" NUMBER, 
	"CONTENT" VARCHAR2(300 BYTE), 
	"READ" NUMBER(1,0) DEFAULT 0, 
	"SEEN" NUMBER(1,0) DEFAULT 0, 
	"HREF" VARCHAR2(200 BYTE), 
	"USER_PROFILE_ID" NUMBER DEFAULT -1, 
	"DELETED_AT" TIMESTAMP (6), 
	"CREATED_AT" TIMESTAMP (6), 
	"EMAIL_SENT" NUMBER(1,0) DEFAULT 0, 
	"FROM_CORP_USER_PROFILE_ID" NUMBER
   ) SEGMENT CREATION IMMEDIATE 
  PCTFREE 10 PCTUSED 40 INITRANS 1 MAXTRANS 255 NOCOMPRESS LOGGING
  STORAGE(INITIAL 65536 NEXT 1048576 MINEXTENTS 1 MAXEXTENTS 2147483645
  PCTINCREASE 0 FREELISTS 1 FREELIST GROUPS 1 BUFFER_POOL DEFAULT FLASH_CACHE DEFAULT CELL_FLASH_CACHE DEFAULT)
  TABLESPACE "SYSTEM" ;
--------------------------------------------------------
--  DDL for Table TBL_PERSISTENT_LOGIN
--------------------------------------------------------

  CREATE TABLE "TBL_PERSISTENT_LOGIN" 
   (	"SERIES" VARCHAR2(256 BYTE), 
	"USERNAME" VARCHAR2(256 BYTE), 
	"TOKEN" VARCHAR2(256 BYTE), 
	"LAST_USED" TIMESTAMP (6)
   ) SEGMENT CREATION IMMEDIATE 
  PCTFREE 10 PCTUSED 40 INITRANS 1 MAXTRANS 255 NOCOMPRESS LOGGING
  STORAGE(INITIAL 65536 NEXT 1048576 MINEXTENTS 1 MAXEXTENTS 2147483645
  PCTINCREASE 0 FREELISTS 1 FREELIST GROUPS 1 BUFFER_POOL DEFAULT FLASH_CACHE DEFAULT CELL_FLASH_CACHE DEFAULT)
  TABLESPACE "SYSTEM" ;
--------------------------------------------------------
--  DDL for Table TBL_ROLES
--------------------------------------------------------

  CREATE TABLE "TBL_ROLES" 
   (	"ID" NUMBER, 
	"ROLE" VARCHAR2(256 BYTE), 
	"IS_SYSTEM_ROLE" NUMBER(1,0) DEFAULT 1, 
	"ROLE_LABEL" VARCHAR2(256 BYTE) DEFAULT 'Default'
   ) SEGMENT CREATION IMMEDIATE 
  PCTFREE 10 PCTUSED 40 INITRANS 1 MAXTRANS 255 NOCOMPRESS LOGGING
  STORAGE(INITIAL 65536 NEXT 1048576 MINEXTENTS 1 MAXEXTENTS 2147483645
  PCTINCREASE 0 FREELISTS 1 FREELIST GROUPS 1 BUFFER_POOL DEFAULT FLASH_CACHE DEFAULT CELL_FLASH_CACHE DEFAULT)
  TABLESPACE "SYSTEM" ;
--------------------------------------------------------
--  DDL for Table TBL_SETTINGS
--------------------------------------------------------

  CREATE TABLE "TBL_SETTINGS" 
   (	"ID" NUMBER, 
	"NAME" VARCHAR2(30 BYTE), 
	"VALUE" VARCHAR2(30 BYTE)
   ) SEGMENT CREATION DEFERRED 
  PCTFREE 10 PCTUSED 40 INITRANS 1 MAXTRANS 255 NOCOMPRESS LOGGING
  TABLESPACE "USERS" ;
--------------------------------------------------------
--  DDL for Table TBL_USER_ATTEMPTS
--------------------------------------------------------

  CREATE TABLE "TBL_USER_ATTEMPTS" 
   (	"ID" NUMBER, 
	"USER_PROFILE_ID" NUMBER, 
	"ATTEMPTS" NUMBER(1,0) DEFAULT 0, 
	"LAST_MODIFIED" TIMESTAMP (6) DEFAULT CURRENT_TIMESTAMP
   ) SEGMENT CREATION IMMEDIATE 
  PCTFREE 10 PCTUSED 40 INITRANS 1 MAXTRANS 255 NOCOMPRESS LOGGING
  STORAGE(INITIAL 65536 NEXT 1048576 MINEXTENTS 1 MAXEXTENTS 2147483645
  PCTINCREASE 0 FREELISTS 1 FREELIST GROUPS 1 BUFFER_POOL DEFAULT FLASH_CACHE DEFAULT CELL_FLASH_CACHE DEFAULT)
  TABLESPACE "SYSTEM" ;
--------------------------------------------------------
--  DDL for Table TBL_USER_PROFILES
--------------------------------------------------------

  CREATE TABLE "TBL_USER_PROFILES" 
   (	"ID" NUMBER, 
	"NAME" VARCHAR2(64 BYTE), 
	"EMAIL" VARCHAR2(256 BYTE), 
	"PASSWORD" VARCHAR2(256 BYTE), 
	"ENABLED" NUMBER(1,0) DEFAULT 1, 
	"ACCOUNT_EXPIRED" NUMBER(1,0) DEFAULT 0, 
	"ACCOUNT_LOCKED" NUMBER(1,0) DEFAULT 0, 
	"CREDENTIAL_EXPIRED" NUMBER(1,0) DEFAULT 0, 
	"CREATED_DATE" TIMESTAMP (6), 
	"RESET_PASSWORD_TOKEN" VARCHAR2(200 BYTE), 
	"RESET_PASSWORD_TOKEN_VALIDITY" TIMESTAMP (6), 
	"UPDATED_DATE" TIMESTAMP (6), 
	"DELETED_DATE" TIMESTAMP (6), 
	"JOB_TITLE" VARCHAR2(64 BYTE), 
	"MOBILE_NUMBER" VARCHAR2(20 BYTE)
   ) SEGMENT CREATION IMMEDIATE 
  PCTFREE 10 PCTUSED 40 INITRANS 1 MAXTRANS 255 NOCOMPRESS LOGGING
  STORAGE(INITIAL 65536 NEXT 1048576 MINEXTENTS 1 MAXEXTENTS 2147483645
  PCTINCREASE 0 FREELISTS 1 FREELIST GROUPS 1 BUFFER_POOL DEFAULT FLASH_CACHE DEFAULT CELL_FLASH_CACHE DEFAULT)
  TABLESPACE "SYSTEM" ;
--------------------------------------------------------
--  DDL for Table TBL_USER_PROFILE_GROUPS
--------------------------------------------------------

  CREATE TABLE "TBL_USER_PROFILE_GROUPS" 
   (	"USER_PROFILE_ID" NUMBER, 
	"GROUP_ID" NUMBER
   ) SEGMENT CREATION IMMEDIATE 
  PCTFREE 10 PCTUSED 40 INITRANS 1 MAXTRANS 255 NOCOMPRESS LOGGING
  STORAGE(INITIAL 65536 NEXT 1048576 MINEXTENTS 1 MAXEXTENTS 2147483645
  PCTINCREASE 0 FREELISTS 1 FREELIST GROUPS 1 BUFFER_POOL DEFAULT FLASH_CACHE DEFAULT CELL_FLASH_CACHE DEFAULT)
  TABLESPACE "SYSTEM" ;
REM INSERTING into TBL_AUDIT_TRAIL
SET DEFINE OFF;
REM INSERTING into TBL_AUDIT_TRAIL_ACTIONS
SET DEFINE OFF;
Insert into TBL_AUDIT_TRAIL_ACTIONS (ID,ACTION_DESCRIPTION) values (1,'Add new user');
Insert into TBL_AUDIT_TRAIL_ACTIONS (ID,ACTION_DESCRIPTION) values (2,'Edit user');
Insert into TBL_AUDIT_TRAIL_ACTIONS (ID,ACTION_DESCRIPTION) values (3,'Delete user');
Insert into TBL_AUDIT_TRAIL_ACTIONS (ID,ACTION_DESCRIPTION) values (4,'Login Success');
REM INSERTING into TBL_GROUPS
SET DEFINE OFF;
Insert into TBL_GROUPS (ID,NAME,CREATED_DATE,UPDATED_DATE,DESCRIPTION,DELETED_DATE) values (3,'All Administrator Group',to_timestamp('22-JAN-18 10.26.16.000000000 AM','DD-MON-RR HH.MI.SSXFF AM'),null,'admin group',null);
Insert into TBL_GROUPS (ID,NAME,CREATED_DATE,UPDATED_DATE,DESCRIPTION,DELETED_DATE) values (1,'Installer Group',to_timestamp('22-JAN-18 10.26.16.000000000 AM','DD-MON-RR HH.MI.SSXFF AM'),null,'installer group',null);
Insert into TBL_GROUPS (ID,NAME,CREATED_DATE,UPDATED_DATE,DESCRIPTION,DELETED_DATE) values (2,'Support Group',to_timestamp('22-JAN-18 10.26.16.000000000 AM','DD-MON-RR HH.MI.SSXFF AM'),null,'support group',null);
REM INSERTING into TBL_GROUPS_ROLES
SET DEFINE OFF;
Insert into TBL_GROUPS_ROLES (GROUP_ID,ROLE_ID) values (1,1);
Insert into TBL_GROUPS_ROLES (GROUP_ID,ROLE_ID) values (2,2);
Insert into TBL_GROUPS_ROLES (GROUP_ID,ROLE_ID) values (3,3);
Insert into TBL_GROUPS_ROLES (GROUP_ID,ROLE_ID) values (3,4);
Insert into TBL_GROUPS_ROLES (GROUP_ID,ROLE_ID) values (3,5);
Insert into TBL_GROUPS_ROLES (GROUP_ID,ROLE_ID) values (3,6);
Insert into TBL_GROUPS_ROLES (GROUP_ID,ROLE_ID) values (3,7);
Insert into TBL_GROUPS_ROLES (GROUP_ID,ROLE_ID) values (3,8);
Insert into TBL_GROUPS_ROLES (GROUP_ID,ROLE_ID) values (3,9);
Insert into TBL_GROUPS_ROLES (GROUP_ID,ROLE_ID) values (3,10);
Insert into TBL_GROUPS_ROLES (GROUP_ID,ROLE_ID) values (3,11);
Insert into TBL_GROUPS_ROLES (GROUP_ID,ROLE_ID) values (3,12);
REM INSERTING into TBL_NOTIFICATIONS
SET DEFINE OFF;
REM INSERTING into TBL_PERSISTENT_LOGIN
SET DEFINE OFF;
REM INSERTING into TBL_ROLES
SET DEFINE OFF;
Insert into TBL_ROLES (ID,ROLE,IS_SYSTEM_ROLE,ROLE_LABEL) values (3,'VIEW_REPORTS',1,'View Reports');
Insert into TBL_ROLES (ID,ROLE,IS_SYSTEM_ROLE,ROLE_LABEL) values (9,'VIEW_GROUPS',1,'View Groups');
Insert into TBL_ROLES (ID,ROLE,IS_SYSTEM_ROLE,ROLE_LABEL) values (4,'VIEW_USERS',1,'View Users');
Insert into TBL_ROLES (ID,ROLE,IS_SYSTEM_ROLE,ROLE_LABEL) values (5,'ADD_USERS',1,'Add Users');
Insert into TBL_ROLES (ID,ROLE,IS_SYSTEM_ROLE,ROLE_LABEL) values (6,'EDIT_USERS',1,'Edit Users');
Insert into TBL_ROLES (ID,ROLE,IS_SYSTEM_ROLE,ROLE_LABEL) values (7,'DELETE_USERS',1,'Delete Users');
Insert into TBL_ROLES (ID,ROLE,IS_SYSTEM_ROLE,ROLE_LABEL) values (10,'ADD_GROUPS',1,'Add Groups');
Insert into TBL_ROLES (ID,ROLE,IS_SYSTEM_ROLE,ROLE_LABEL) values (11,'EDIT_GROUPS',1,'Edit Groups');
Insert into TBL_ROLES (ID,ROLE,IS_SYSTEM_ROLE,ROLE_LABEL) values (12,'DELETE_GROUPS',1,'Delete Groups');
Insert into TBL_ROLES (ID,ROLE,IS_SYSTEM_ROLE,ROLE_LABEL) values (8,'EDIT_SYSTEM_CONFIGURATION',1,'Update System Configuration');
Insert into TBL_ROLES (ID,ROLE,IS_SYSTEM_ROLE,ROLE_LABEL) values (2,'SUPPORT',0,'Support role. This role is hidden to the user.');
Insert into TBL_ROLES (ID,ROLE,IS_SYSTEM_ROLE,ROLE_LABEL) values (1,'INSTALLER',0,'Installer role. This role is hidden to the user.');
REM INSERTING into TBL_SETTINGS
SET DEFINE OFF;
REM INSERTING into TBL_USER_ATTEMPTS
SET DEFINE OFF;
Insert into TBL_USER_ATTEMPTS (ID,USER_PROFILE_ID,ATTEMPTS,LAST_MODIFIED) values (1,1,0,to_timestamp('02-FEB-18 11.07.54.901000000 AM','DD-MON-RR HH.MI.SSXFF AM'));
REM INSERTING into TBL_USER_PROFILES
SET DEFINE OFF;
Insert into TBL_USER_PROFILES (ID,NAME,EMAIL,PASSWORD,ENABLED,ACCOUNT_EXPIRED,ACCOUNT_LOCKED,CREDENTIAL_EXPIRED,CREATED_DATE,RESET_PASSWORD_TOKEN,RESET_PASSWORD_TOKEN_VALIDITY,UPDATED_DATE,DELETED_DATE,JOB_TITLE,MOBILE_NUMBER) values (1,'systemuser','sysuser@apliman.com','$2a$10$a3RKdlOc2yRtCwO/CXR4reJMOgefmsgZ1sYgC4N.q1hOE9Mt.Sqoa',1,1,1,1,to_timestamp('22-JAN-18 10.26.16.000000000 AM','DD-MON-RR HH.MI.SSXFF AM'),null,null,null,null,null,null);
Insert into TBL_USER_PROFILES (ID,NAME,EMAIL,PASSWORD,ENABLED,ACCOUNT_EXPIRED,ACCOUNT_LOCKED,CREDENTIAL_EXPIRED,CREATED_DATE,RESET_PASSWORD_TOKEN,RESET_PASSWORD_TOKEN_VALIDITY,UPDATED_DATE,DELETED_DATE,JOB_TITLE,MOBILE_NUMBER) values (2,'Support','support@apliman.com','$2a$10$9mOwYph6iO6vqyAkiQJiBu/7L..DHaRpIDt1WtbMvX3H4faI0bgmq',1,1,1,1,to_timestamp('22-JAN-18 10.26.16.000000000 AM','DD-MON-RR HH.MI.SSXFF AM'),null,null,null,null,null,null);
REM INSERTING into TBL_USER_PROFILE_GROUPS
SET DEFINE OFF;
Insert into TBL_USER_PROFILE_GROUPS (USER_PROFILE_ID,GROUP_ID) values (1,3);
Insert into TBL_USER_PROFILE_GROUPS (USER_PROFILE_ID,GROUP_ID) values (2,2);
--------------------------------------------------------
--  DDL for Index GROUPS_ROLES_PK
--------------------------------------------------------

  CREATE UNIQUE INDEX "GROUPS_ROLES_PK" ON "TBL_GROUPS_ROLES" ("GROUP_ID", "ROLE_ID") 
  PCTFREE 10 INITRANS 2 MAXTRANS 255 COMPUTE STATISTICS 
  STORAGE(INITIAL 65536 NEXT 1048576 MINEXTENTS 1 MAXEXTENTS 2147483645
  PCTINCREASE 0 FREELISTS 1 FREELIST GROUPS 1 BUFFER_POOL DEFAULT FLASH_CACHE DEFAULT CELL_FLASH_CACHE DEFAULT)
  TABLESPACE "SYSTEM" ;
--------------------------------------------------------
--  DDL for Index TBL_AUDIT_TRAIL_PK
--------------------------------------------------------

  CREATE UNIQUE INDEX "TBL_AUDIT_TRAIL_PK" ON "TBL_AUDIT_TRAIL" ("ID") 
  PCTFREE 10 INITRANS 2 MAXTRANS 255 COMPUTE STATISTICS 
  STORAGE(INITIAL 65536 NEXT 1048576 MINEXTENTS 1 MAXEXTENTS 2147483645
  PCTINCREASE 0 FREELISTS 1 FREELIST GROUPS 1 BUFFER_POOL DEFAULT FLASH_CACHE DEFAULT CELL_FLASH_CACHE DEFAULT)
  TABLESPACE "SYSTEM" ;
--------------------------------------------------------
--  DDL for Index TBL_NOTIFICATIONS_PK
--------------------------------------------------------

  CREATE UNIQUE INDEX "TBL_NOTIFICATIONS_PK" ON "TBL_NOTIFICATIONS" ("ID") 
  PCTFREE 10 INITRANS 2 MAXTRANS 255 COMPUTE STATISTICS 
  STORAGE(INITIAL 65536 NEXT 1048576 MINEXTENTS 1 MAXEXTENTS 2147483645
  PCTINCREASE 0 FREELISTS 1 FREELIST GROUPS 1 BUFFER_POOL DEFAULT FLASH_CACHE DEFAULT CELL_FLASH_CACHE DEFAULT)
  TABLESPACE "USERS" ;
--------------------------------------------------------
--  DDL for Index ROLES_PK
--------------------------------------------------------

  CREATE UNIQUE INDEX "ROLES_PK" ON "TBL_ROLES" ("ID") 
  PCTFREE 10 INITRANS 2 MAXTRANS 255 COMPUTE STATISTICS 
  STORAGE(INITIAL 65536 NEXT 1048576 MINEXTENTS 1 MAXEXTENTS 2147483645
  PCTINCREASE 0 FREELISTS 1 FREELIST GROUPS 1 BUFFER_POOL DEFAULT FLASH_CACHE DEFAULT CELL_FLASH_CACHE DEFAULT)
  TABLESPACE "SYSTEM" ;
--------------------------------------------------------
--  DDL for Index USER_ATTEPMTS_PK
--------------------------------------------------------

  CREATE UNIQUE INDEX "USER_ATTEPMTS_PK" ON "TBL_USER_ATTEMPTS" ("ID") 
  PCTFREE 10 INITRANS 2 MAXTRANS 255 COMPUTE STATISTICS 
  STORAGE(INITIAL 65536 NEXT 1048576 MINEXTENTS 1 MAXEXTENTS 2147483645
  PCTINCREASE 0 FREELISTS 1 FREELIST GROUPS 1 BUFFER_POOL DEFAULT FLASH_CACHE DEFAULT CELL_FLASH_CACHE DEFAULT)
  TABLESPACE "SYSTEM" ;
--------------------------------------------------------
--  DDL for Index TBL_SETTINGS_PK
--------------------------------------------------------

  CREATE UNIQUE INDEX "TBL_SETTINGS_PK" ON "TBL_SETTINGS" ("ID") 
  PCTFREE 10 INITRANS 2 MAXTRANS 255 COMPUTE STATISTICS NOCOMPRESS LOGGING
  TABLESPACE "USERS" ;
--------------------------------------------------------
--  DDL for Index TBL_PERSISTENT_LOGIN_PK
--------------------------------------------------------

  CREATE UNIQUE INDEX "TBL_PERSISTENT_LOGIN_PK" ON "TBL_PERSISTENT_LOGIN" ("SERIES") 
  PCTFREE 10 INITRANS 2 MAXTRANS 255 COMPUTE STATISTICS 
  STORAGE(INITIAL 65536 NEXT 1048576 MINEXTENTS 1 MAXEXTENTS 2147483645
  PCTINCREASE 0 FREELISTS 1 FREELIST GROUPS 1 BUFFER_POOL DEFAULT FLASH_CACHE DEFAULT CELL_FLASH_CACHE DEFAULT)
  TABLESPACE "SYSTEM" ;
--------------------------------------------------------
--  DDL for Index USER_PROFILE_GROUPS_PK
--------------------------------------------------------

  CREATE UNIQUE INDEX "USER_PROFILE_GROUPS_PK" ON "TBL_USER_PROFILE_GROUPS" ("USER_PROFILE_ID", "GROUP_ID") 
  PCTFREE 10 INITRANS 2 MAXTRANS 255 COMPUTE STATISTICS 
  STORAGE(INITIAL 65536 NEXT 1048576 MINEXTENTS 1 MAXEXTENTS 2147483645
  PCTINCREASE 0 FREELISTS 1 FREELIST GROUPS 1 BUFFER_POOL DEFAULT FLASH_CACHE DEFAULT CELL_FLASH_CACHE DEFAULT)
  TABLESPACE "SYSTEM" ;
--------------------------------------------------------
--  DDL for Index GROUPS_PK
--------------------------------------------------------

  CREATE UNIQUE INDEX "GROUPS_PK" ON "TBL_GROUPS" ("ID") 
  PCTFREE 10 INITRANS 2 MAXTRANS 255 COMPUTE STATISTICS 
  STORAGE(INITIAL 65536 NEXT 1048576 MINEXTENTS 1 MAXEXTENTS 2147483645
  PCTINCREASE 0 FREELISTS 1 FREELIST GROUPS 1 BUFFER_POOL DEFAULT FLASH_CACHE DEFAULT CELL_FLASH_CACHE DEFAULT)
  TABLESPACE "SYSTEM" ;
--------------------------------------------------------
--  DDL for Index TBL_USER_PROFILES_INDEX_EMAIL
--------------------------------------------------------

  CREATE INDEX "TBL_USER_PROFILES_INDEX_EMAIL" ON "TBL_USER_PROFILES" ("EMAIL") 
  PCTFREE 10 INITRANS 2 MAXTRANS 255 COMPUTE STATISTICS 
  STORAGE(INITIAL 65536 NEXT 1048576 MINEXTENTS 1 MAXEXTENTS 2147483645
  PCTINCREASE 0 FREELISTS 1 FREELIST GROUPS 1 BUFFER_POOL DEFAULT FLASH_CACHE DEFAULT CELL_FLASH_CACHE DEFAULT)
  TABLESPACE "SYSTEM" ;
--------------------------------------------------------
--  DDL for Index TBL_AUDIT_ACTIONS_PK
--------------------------------------------------------

  CREATE UNIQUE INDEX "TBL_AUDIT_ACTIONS_PK" ON "TBL_AUDIT_TRAIL_ACTIONS" ("ID") 
  PCTFREE 10 INITRANS 2 MAXTRANS 255 COMPUTE STATISTICS 
  STORAGE(INITIAL 65536 NEXT 1048576 MINEXTENTS 1 MAXEXTENTS 2147483645
  PCTINCREASE 0 FREELISTS 1 FREELIST GROUPS 1 BUFFER_POOL DEFAULT FLASH_CACHE DEFAULT CELL_FLASH_CACHE DEFAULT)
  TABLESPACE "SYSTEM" ;
--------------------------------------------------------
--  DDL for Index USER_PROFILES_PK
--------------------------------------------------------

  CREATE UNIQUE INDEX "USER_PROFILES_PK" ON "TBL_USER_PROFILES" ("ID") 
  PCTFREE 10 INITRANS 2 MAXTRANS 255 COMPUTE STATISTICS 
  STORAGE(INITIAL 65536 NEXT 1048576 MINEXTENTS 1 MAXEXTENTS 2147483645
  PCTINCREASE 0 FREELISTS 1 FREELIST GROUPS 1 BUFFER_POOL DEFAULT FLASH_CACHE DEFAULT CELL_FLASH_CACHE DEFAULT)
  TABLESPACE "SYSTEM" ;
--------------------------------------------------------
--  Constraints for Table TBL_GROUPS_ROLES
--------------------------------------------------------

  ALTER TABLE "TBL_GROUPS_ROLES" ADD CONSTRAINT "GROUPS_ROLES_PK" PRIMARY KEY ("GROUP_ID", "ROLE_ID")
  USING INDEX PCTFREE 10 INITRANS 2 MAXTRANS 255 COMPUTE STATISTICS 
  STORAGE(INITIAL 65536 NEXT 1048576 MINEXTENTS 1 MAXEXTENTS 2147483645
  PCTINCREASE 0 FREELISTS 1 FREELIST GROUPS 1 BUFFER_POOL DEFAULT FLASH_CACHE DEFAULT CELL_FLASH_CACHE DEFAULT)
  TABLESPACE "SYSTEM"  ENABLE;
 
  ALTER TABLE "TBL_GROUPS_ROLES" MODIFY ("GROUP_ID" NOT NULL ENABLE);
 
  ALTER TABLE "TBL_GROUPS_ROLES" MODIFY ("ROLE_ID" NOT NULL ENABLE);
--------------------------------------------------------
--  Constraints for Table TBL_USER_PROFILE_GROUPS
--------------------------------------------------------

  ALTER TABLE "TBL_USER_PROFILE_GROUPS" MODIFY ("USER_PROFILE_ID" NOT NULL ENABLE);
 
  ALTER TABLE "TBL_USER_PROFILE_GROUPS" MODIFY ("GROUP_ID" NOT NULL ENABLE);
 
  ALTER TABLE "TBL_USER_PROFILE_GROUPS" ADD CONSTRAINT "USER_PROFILE_GROUPS_PK" PRIMARY KEY ("USER_PROFILE_ID", "GROUP_ID")
  USING INDEX PCTFREE 10 INITRANS 2 MAXTRANS 255 COMPUTE STATISTICS 
  STORAGE(INITIAL 65536 NEXT 1048576 MINEXTENTS 1 MAXEXTENTS 2147483645
  PCTINCREASE 0 FREELISTS 1 FREELIST GROUPS 1 BUFFER_POOL DEFAULT FLASH_CACHE DEFAULT CELL_FLASH_CACHE DEFAULT)
  TABLESPACE "SYSTEM"  ENABLE;
--------------------------------------------------------
--  Constraints for Table TBL_GROUPS
--------------------------------------------------------

  ALTER TABLE "TBL_GROUPS" ADD CONSTRAINT "GROUPS_PK" PRIMARY KEY ("ID")
  USING INDEX PCTFREE 10 INITRANS 2 MAXTRANS 255 COMPUTE STATISTICS 
  STORAGE(INITIAL 65536 NEXT 1048576 MINEXTENTS 1 MAXEXTENTS 2147483645
  PCTINCREASE 0 FREELISTS 1 FREELIST GROUPS 1 BUFFER_POOL DEFAULT FLASH_CACHE DEFAULT CELL_FLASH_CACHE DEFAULT)
  TABLESPACE "SYSTEM"  ENABLE;
 
  ALTER TABLE "TBL_GROUPS" MODIFY ("ID" NOT NULL ENABLE);
 
  ALTER TABLE "TBL_GROUPS" MODIFY ("NAME" NOT NULL ENABLE);
--------------------------------------------------------
--  Constraints for Table TBL_USER_ATTEMPTS
--------------------------------------------------------

  ALTER TABLE "TBL_USER_ATTEMPTS" MODIFY ("LAST_MODIFIED" NOT NULL ENABLE);
 
  ALTER TABLE "TBL_USER_ATTEMPTS" MODIFY ("ATTEMPTS" NOT NULL ENABLE);
 
  ALTER TABLE "TBL_USER_ATTEMPTS" MODIFY ("USER_PROFILE_ID" NOT NULL ENABLE);
 
  ALTER TABLE "TBL_USER_ATTEMPTS" MODIFY ("ID" NOT NULL ENABLE);
 
  ALTER TABLE "TBL_USER_ATTEMPTS" ADD CONSTRAINT "USER_ATTEPMTS_PK" PRIMARY KEY ("ID")
  USING INDEX PCTFREE 10 INITRANS 2 MAXTRANS 255 COMPUTE STATISTICS 
  STORAGE(INITIAL 65536 NEXT 1048576 MINEXTENTS 1 MAXEXTENTS 2147483645
  PCTINCREASE 0 FREELISTS 1 FREELIST GROUPS 1 BUFFER_POOL DEFAULT FLASH_CACHE DEFAULT CELL_FLASH_CACHE DEFAULT)
  TABLESPACE "SYSTEM"  ENABLE;
--------------------------------------------------------
--  Constraints for Table TBL_NOTIFICATIONS
--------------------------------------------------------

  ALTER TABLE "TBL_NOTIFICATIONS" MODIFY ("ID" NOT NULL ENABLE);
 
  ALTER TABLE "TBL_NOTIFICATIONS" MODIFY ("CONTENT" NOT NULL ENABLE);
 
  ALTER TABLE "TBL_NOTIFICATIONS" MODIFY ("EMAIL_SENT" NOT NULL ENABLE);
 
  ALTER TABLE "TBL_NOTIFICATIONS" ADD CONSTRAINT "TBL_NOTIFICATIONS_PK" PRIMARY KEY ("ID")
  USING INDEX PCTFREE 10 INITRANS 2 MAXTRANS 255 COMPUTE STATISTICS 
  STORAGE(INITIAL 65536 NEXT 1048576 MINEXTENTS 1 MAXEXTENTS 2147483645
  PCTINCREASE 0 FREELISTS 1 FREELIST GROUPS 1 BUFFER_POOL DEFAULT FLASH_CACHE DEFAULT CELL_FLASH_CACHE DEFAULT)
  TABLESPACE "USERS"  ENABLE;
--------------------------------------------------------
--  Constraints for Table TBL_USER_PROFILES
--------------------------------------------------------

  ALTER TABLE "TBL_USER_PROFILES" MODIFY ("CREDENTIAL_EXPIRED" NOT NULL ENABLE);
 
  ALTER TABLE "TBL_USER_PROFILES" MODIFY ("ACCOUNT_LOCKED" NOT NULL ENABLE);
 
  ALTER TABLE "TBL_USER_PROFILES" MODIFY ("ACCOUNT_EXPIRED" NOT NULL ENABLE);
 
  ALTER TABLE "TBL_USER_PROFILES" MODIFY ("ENABLED" NOT NULL ENABLE);
 
  ALTER TABLE "TBL_USER_PROFILES" MODIFY ("PASSWORD" NOT NULL ENABLE);
 
  ALTER TABLE "TBL_USER_PROFILES" MODIFY ("EMAIL" NOT NULL ENABLE);
 
  ALTER TABLE "TBL_USER_PROFILES" MODIFY ("NAME" NOT NULL ENABLE);
 
  ALTER TABLE "TBL_USER_PROFILES" MODIFY ("ID" NOT NULL ENABLE);
 
  ALTER TABLE "TBL_USER_PROFILES" ADD CONSTRAINT "USER_PROFILES_PK" PRIMARY KEY ("ID")
  USING INDEX PCTFREE 10 INITRANS 2 MAXTRANS 255 COMPUTE STATISTICS 
  STORAGE(INITIAL 65536 NEXT 1048576 MINEXTENTS 1 MAXEXTENTS 2147483645
  PCTINCREASE 0 FREELISTS 1 FREELIST GROUPS 1 BUFFER_POOL DEFAULT FLASH_CACHE DEFAULT CELL_FLASH_CACHE DEFAULT)
  TABLESPACE "SYSTEM"  ENABLE;
--------------------------------------------------------
--  Constraints for Table TBL_AUDIT_TRAIL_ACTIONS
--------------------------------------------------------

  ALTER TABLE "TBL_AUDIT_TRAIL_ACTIONS" MODIFY ("ACTION_DESCRIPTION" NOT NULL ENABLE);
 
  ALTER TABLE "TBL_AUDIT_TRAIL_ACTIONS" MODIFY ("ID" NOT NULL ENABLE);
 
  ALTER TABLE "TBL_AUDIT_TRAIL_ACTIONS" ADD CONSTRAINT "TBL_AUDIT_ACTIONS_PK" PRIMARY KEY ("ID")
  USING INDEX PCTFREE 10 INITRANS 2 MAXTRANS 255 COMPUTE STATISTICS 
  STORAGE(INITIAL 65536 NEXT 1048576 MINEXTENTS 1 MAXEXTENTS 2147483645
  PCTINCREASE 0 FREELISTS 1 FREELIST GROUPS 1 BUFFER_POOL DEFAULT FLASH_CACHE DEFAULT CELL_FLASH_CACHE DEFAULT)
  TABLESPACE "SYSTEM"  ENABLE;
--------------------------------------------------------
--  Constraints for Table TBL_AUDIT_TRAIL
--------------------------------------------------------

  ALTER TABLE "TBL_AUDIT_TRAIL" MODIFY ("ACTION_DATE" NOT NULL ENABLE);
 
  ALTER TABLE "TBL_AUDIT_TRAIL" MODIFY ("ACTION_ID" NOT NULL ENABLE);
 
  ALTER TABLE "TBL_AUDIT_TRAIL" MODIFY ("USER_PROFILE_ID" NOT NULL ENABLE);
 
  ALTER TABLE "TBL_AUDIT_TRAIL" MODIFY ("ID" NOT NULL ENABLE);
 
  ALTER TABLE "TBL_AUDIT_TRAIL" ADD CONSTRAINT "TBL_AUDIT_TRAIL_PK" PRIMARY KEY ("ID")
  USING INDEX PCTFREE 10 INITRANS 2 MAXTRANS 255 COMPUTE STATISTICS 
  STORAGE(INITIAL 65536 NEXT 1048576 MINEXTENTS 1 MAXEXTENTS 2147483645
  PCTINCREASE 0 FREELISTS 1 FREELIST GROUPS 1 BUFFER_POOL DEFAULT FLASH_CACHE DEFAULT CELL_FLASH_CACHE DEFAULT)
  TABLESPACE "SYSTEM"  ENABLE;
--------------------------------------------------------
--  Constraints for Table TBL_ROLES
--------------------------------------------------------

  ALTER TABLE "TBL_ROLES" ADD CONSTRAINT "ROLES_PK" PRIMARY KEY ("ID")
  USING INDEX PCTFREE 10 INITRANS 2 MAXTRANS 255 COMPUTE STATISTICS 
  STORAGE(INITIAL 65536 NEXT 1048576 MINEXTENTS 1 MAXEXTENTS 2147483645
  PCTINCREASE 0 FREELISTS 1 FREELIST GROUPS 1 BUFFER_POOL DEFAULT FLASH_CACHE DEFAULT CELL_FLASH_CACHE DEFAULT)
  TABLESPACE "SYSTEM"  ENABLE;
 
  ALTER TABLE "TBL_ROLES" MODIFY ("ROLE" NOT NULL ENABLE);
 
  ALTER TABLE "TBL_ROLES" MODIFY ("ID" NOT NULL ENABLE);
 
  ALTER TABLE "TBL_ROLES" MODIFY ("IS_SYSTEM_ROLE" NOT NULL ENABLE);
 
  ALTER TABLE "TBL_ROLES" MODIFY ("ROLE_LABEL" NOT NULL ENABLE);
--------------------------------------------------------
--  Constraints for Table TBL_PERSISTENT_LOGIN
--------------------------------------------------------

  ALTER TABLE "TBL_PERSISTENT_LOGIN" MODIFY ("LAST_USED" NOT NULL ENABLE);
 
  ALTER TABLE "TBL_PERSISTENT_LOGIN" MODIFY ("TOKEN" NOT NULL ENABLE);
 
  ALTER TABLE "TBL_PERSISTENT_LOGIN" MODIFY ("USERNAME" NOT NULL ENABLE);
 
  ALTER TABLE "TBL_PERSISTENT_LOGIN" MODIFY ("SERIES" NOT NULL ENABLE);
 
  ALTER TABLE "TBL_PERSISTENT_LOGIN" ADD CONSTRAINT "TBL_PERSISTENT_LOGIN_PK" PRIMARY KEY ("SERIES")
  USING INDEX PCTFREE 10 INITRANS 2 MAXTRANS 255 COMPUTE STATISTICS 
  STORAGE(INITIAL 65536 NEXT 1048576 MINEXTENTS 1 MAXEXTENTS 2147483645
  PCTINCREASE 0 FREELISTS 1 FREELIST GROUPS 1 BUFFER_POOL DEFAULT FLASH_CACHE DEFAULT CELL_FLASH_CACHE DEFAULT)
  TABLESPACE "SYSTEM"  ENABLE;
--------------------------------------------------------
--  Constraints for Table TBL_SETTINGS
--------------------------------------------------------

  ALTER TABLE "TBL_SETTINGS" MODIFY ("ID" NOT NULL ENABLE);
 
  ALTER TABLE "TBL_SETTINGS" ADD CONSTRAINT "TBL_SETTINGS_PK" PRIMARY KEY ("ID")
  USING INDEX PCTFREE 10 INITRANS 2 MAXTRANS 255 COMPUTE STATISTICS NOCOMPRESS LOGGING
  TABLESPACE "USERS"  ENABLE;
--------------------------------------------------------
--  Ref Constraints for Table TBL_AUDIT_TRAIL
--------------------------------------------------------

  ALTER TABLE "TBL_AUDIT_TRAIL" ADD CONSTRAINT "TBL_AUDIT_TRAIL_FK1" FOREIGN KEY ("ACTION_ID")
	  REFERENCES "TBL_AUDIT_TRAIL_ACTIONS" ("ID") ENABLE;
 
  ALTER TABLE "TBL_AUDIT_TRAIL" ADD CONSTRAINT "TBL_AUDIT_TRAIL_FK2" FOREIGN KEY ("USER_PROFILE_ID")
	  REFERENCES "TBL_USER_PROFILES" ("ID") ENABLE;
--------------------------------------------------------
--  Ref Constraints for Table TBL_GROUPS_ROLES
--------------------------------------------------------

  ALTER TABLE "TBL_GROUPS_ROLES" ADD CONSTRAINT "GROUPS_ROLES_FK1" FOREIGN KEY ("GROUP_ID")
	  REFERENCES "TBL_GROUPS" ("ID") DISABLE;
 
  ALTER TABLE "TBL_GROUPS_ROLES" ADD CONSTRAINT "GROUPS_ROLES_FK2" FOREIGN KEY ("ROLE_ID")
	  REFERENCES "TBL_ROLES" ("ID") DISABLE;
--------------------------------------------------------
--  Ref Constraints for Table TBL_NOTIFICATIONS
--------------------------------------------------------

  ALTER TABLE "TBL_NOTIFICATIONS" ADD CONSTRAINT "TBL_NOTIFICATIONS_FK1" FOREIGN KEY ("USER_PROFILE_ID")
	  REFERENCES "TBL_USER_PROFILES" ("ID") ENABLE;
--------------------------------------------------------
--  Ref Constraints for Table TBL_USER_ATTEMPTS
--------------------------------------------------------

  ALTER TABLE "TBL_USER_ATTEMPTS" ADD CONSTRAINT "USER_ATTEMPTS_FK1" FOREIGN KEY ("USER_PROFILE_ID")
	  REFERENCES "TBL_USER_PROFILES" ("ID") ENABLE;
--------------------------------------------------------
--  Ref Constraints for Table TBL_USER_PROFILE_GROUPS
--------------------------------------------------------

  ALTER TABLE "TBL_USER_PROFILE_GROUPS" ADD CONSTRAINT "USER_PROFILE_GROUPS_FK1" FOREIGN KEY ("USER_PROFILE_ID")
	  REFERENCES "TBL_USER_PROFILES" ("ID") DISABLE;
 
  ALTER TABLE "TBL_USER_PROFILE_GROUPS" ADD CONSTRAINT "USER_PROFILE_GROUPS_FK2" FOREIGN KEY ("GROUP_ID")
	  REFERENCES "TBL_GROUPS" ("ID") DISABLE;
--------------------------------------------------------
--  DDL for Trigger TRG_AUDIT_TRAIL
--------------------------------------------------------

  CREATE OR REPLACE TRIGGER "TRG_AUDIT_TRAIL" 
BEFORE INSERT ON TBL_AUDIT_TRAIL
FOR EACH ROW 
BEGIN
  <<COLUMN_SEQUENCES>>
  BEGIN
    IF INSERTING AND :NEW.ID IS NULL THEN
      SELECT SEQ_AUDIT_TRAIL.NEXTVAL INTO :NEW.ID FROM SYS.DUAL;
    END IF;
  END COLUMN_SEQUENCES;
END;
/
ALTER TRIGGER "TRG_AUDIT_TRAIL" ENABLE;
--------------------------------------------------------
--  DDL for Trigger TRG_AUDIT_TRAIL_ACTIONS
--------------------------------------------------------

  CREATE OR REPLACE TRIGGER "TRG_AUDIT_TRAIL_ACTIONS" 
BEFORE INSERT ON TBL_AUDIT_TRAIL_ACTIONS
FOR EACH ROW 
BEGIN
  <<COLUMN_SEQUENCES>>
  BEGIN
    IF INSERTING AND :NEW.ID IS NULL THEN
      SELECT SEQ_AUDIT_TRAIL_ACTIONS.NEXTVAL INTO :NEW.ID FROM SYS.DUAL;
    END IF;
  END COLUMN_SEQUENCES;
END;
/
ALTER TRIGGER "TRG_AUDIT_TRAIL_ACTIONS" ENABLE;
--------------------------------------------------------
--  DDL for Trigger TRG_GROUPS
--------------------------------------------------------

  CREATE OR REPLACE TRIGGER "TRG_GROUPS" 
BEFORE INSERT ON TBL_GROUPS 
FOR EACH ROW 
BEGIN
  <<COLUMN_SEQUENCES>>
  BEGIN
    IF INSERTING AND :NEW.ID IS NULL THEN
      SELECT SEQ_GROUPS.NEXTVAL INTO :NEW.ID FROM SYS.DUAL;
    END IF;
  END COLUMN_SEQUENCES;
END;
/
ALTER TRIGGER "TRG_GROUPS" ENABLE;
--------------------------------------------------------
--  DDL for Trigger TRG_ROLES
--------------------------------------------------------

  CREATE OR REPLACE TRIGGER "TRG_ROLES" 
BEFORE INSERT ON TBL_ROLES 
FOR EACH ROW 
BEGIN
  <<COLUMN_SEQUENCES>>
  BEGIN
    IF INSERTING AND :NEW.ID IS NULL THEN
      SELECT SEQ_ROLES.NEXTVAL INTO :NEW.ID FROM SYS.DUAL;
    END IF;
  END COLUMN_SEQUENCES;
END;
/
ALTER TRIGGER "TRG_ROLES" ENABLE;
--------------------------------------------------------
--  DDL for Trigger TRG_TBL_NOTIFICATIONS
--------------------------------------------------------

  CREATE OR REPLACE TRIGGER "TRG_TBL_NOTIFICATIONS" 
BEFORE INSERT ON TBL_NOTIFICATIONS 
FOR EACH ROW 
BEGIN
  <<COLUMN_SEQUENCES>>
  BEGIN
    IF INSERTING AND :NEW.ID IS NULL THEN
      SELECT SEQ_TBL_NOTIFICATIONS.NEXTVAL INTO :NEW.ID FROM SYS.DUAL;
    END IF;
  END COLUMN_SEQUENCES;
END;
/
ALTER TRIGGER "TRG_TBL_NOTIFICATIONS" ENABLE;
--------------------------------------------------------
--  DDL for Trigger TRG_USER_ATTEPMTS
--------------------------------------------------------

  CREATE OR REPLACE TRIGGER "TRG_USER_ATTEPMTS" 
BEFORE INSERT ON TBL_USER_ATTEMPTS 
FOR EACH ROW 
BEGIN
  <<COLUMN_SEQUENCES>>
  BEGIN
    IF INSERTING AND :NEW.ID IS NULL THEN
      SELECT SEQ_USER_ATTEPMTS.NEXTVAL INTO :NEW.ID FROM SYS.DUAL;
    END IF;
  END COLUMN_SEQUENCES;
END;
/
ALTER TRIGGER "TRG_USER_ATTEPMTS" ENABLE;
--------------------------------------------------------
--  DDL for Trigger TRG_USER_PROFILES
--------------------------------------------------------

  CREATE OR REPLACE TRIGGER "TRG_USER_PROFILES" 
BEFORE INSERT ON TBL_USER_PROFILES 
FOR EACH ROW 
BEGIN
  <<COLUMN_SEQUENCES>>
  BEGIN
    NULL;
  END COLUMN_SEQUENCES;
END;
/
ALTER TRIGGER "TRG_USER_PROFILES" ENABLE;
--------------------------------------------------------
--  DDL for Procedure PROC_RESET_DB
--------------------------------------------------------
set define off;

  CREATE OR REPLACE PROCEDURE "PROC_RESET_DB" (ACCESS_TOKEN IN VARCHAR2) 
AS

CONST_ROOT_USER_ID NUMBER := 1;
CONST_SUPPORT_USER_ID NUMBER := 2;

BEGIN
  IF ACCESS_TOKEN ='adminadmin' THEN
      /* Start deleting the leaf tables first where they don't have child dependencies */
      -- DELETE FROM TBL_GROUPS; -- In case you need to remove default groups remove the comment
      
      DELETE FROM TBL_NOTIFICATIONS;
      
      DELETE FROM TBl_USER_ATTEMPTS WHERE USER_PROFILE_ID NOT IN (CONST_ROOT_USER_ID, CONST_SUPPORT_USER_ID);
      
      DELETE FROM TBL_USER_PROFILE_GROUPS WHERE USER_PROFILE_ID NOT IN (CONST_ROOT_USER_ID, CONST_SUPPORT_USER_ID);
      
      DELETE FROM TBL_USER_PROFILES WHERE ID NOT IN (CONST_ROOT_USER_ID, CONST_SUPPORT_USER_ID);
      
      DELETE FROM TBL_GROUPS_ROLES WHERE GROUP_ID > 3;
      
      DELETE FROM TBL_GROUPS WHERE ID > 3;
      
  END IF;
END PROC_RESET_DB;

/
